{"IcoMoonType":"selection","icons":[{"icon":{"paths":["M0 307.2h136.533v-136.533h546.133v409.6h-409.6v273.067h-273.067v-546.133zM819.2 170.667h546.133v136.533h-136.533v409.6h136.533v136.533h-546.133v-136.533h136.533v-409.6h-136.533v-136.533zM1501.867 307.2v546.133h546.133v-136.533h-273.067v-409.6h273.067v-136.533h-409.6v136.533h-136.533zM3003.733 580.267h273.067v-136.533h-273.067v136.533zM3686.4 307.2v136.533h273.067v-136.533h-273.067zM3686.4 580.267v136.533h273.067v-136.533h-273.067zM2457.6 307.2v409.6h136.533v-409.6h-136.533zM2184.533 853.333v-546.133h136.533v-136.533h546.133v546.133h-136.533v136.533h-546.133zM3413.333 853.333v-409.6h136.533v-273.067h546.133v682.667h-682.667zM273.067 307.2v136.533h136.533v-136.533h-136.533z","M2048 0v1024"],"attrs":[{},{"stroke":"rgb(162, 162, 162)","strokeLinejoin":"miter","strokeLinecap":"square","strokeMiterlimit":"3","strokeWidth":34.13333333333333}],"width":4096,"isMulticolor":false,"isMulticolor2":true,"grid":0,"tags":["Untitled-1"]},"attrs":[{},{"stroke":"rgb(162, 162, 162)","strokeLinejoin":"miter","strokeLinecap":"square","strokeMiterlimit":"3","strokeWidth":34.13333333333333}],"properties":{"order":2,"id":0,"name":"Untitled-1","prevSize":32,"code":59648},"setIdx":0,"setId":4,"iconIdx":0}],"height":1024,"metadata":{"name":"icomoon"},"preferences":{"showGlyphs":true,"showQuickUse":true,"showQuickUse2":true,"showSVGs":true,"fontPref":{"prefix":"icon-","metadata":{"fontFamily":"icomoon","majorVersion":1,"minorVersion":0},"metrics":{"emSize":2048,"baseline":16,"whitespace":50},"embed":false,"showMetrics":true},"imagePref":{"prefix":"icon-","png":true,"useClassSelector":true,"color":0,"bgColor":16777215,"classSelector":".icon","name":"icomoon","height":32,"columns":16,"margin":16},"historySize":50,"showCodes":true,"gridSize":16}}